{
  "AlexNet": {
    "dm": {
      "aircraft": {
        "mean": 50.42503865559896,
        "std": 0.05099460407817491
      },
      "cars": {
        "mean": 25.021762212117512,
        "std": 0.16623094453890033
      },
      "cub2011": {
        "mean": 25.428605397542317,
        "std": 0.29705050103497566
      },
      "dogs": {
        "mean": 24.8445987701416,
        "std": 0.11472287261179558
      },
      "flowers": {
        "mean": 60.98552703857422,
        "std": 0.4715276865591043
      }
    },
    "dsa": {
      "aircraft": {
        "mean": 51.295125325520836,
        "std": 0.6352009267997619
      },
      "cars": {
        "mean": 25.743065516153973,
        "std": 0.2514056299913249
      },
      "cub2011": {
        "mean": 26.228283564249676,
        "std": 0.029334802479302424
      },
      "dogs": {
        "mean": 25.34187889099121,
        "std": 0.10175428585171291
      },
      "flowers": {
        "mean": 62.167291005452476,
        "std": 0.518769031607088
      }
    },
    "frepo": {
      "aircraft": {
        "mean": 49.694966634114586,
        "std": 0.7595491829864774
      },
      "cars": {
        "mean": 24.271441141764324,
        "std": 0.2810949332688274
      },
      "cub2011": {
        "mean": 24.4160639444987,
        "std": 0.1270899656448497
      },
      "dogs": {
        "mean": 23.993783315022785,
        "std": 0.2698893389178761
      },
      "flowers": {
        "mean": 61.625197092692055,
        "std": 1.0564839795819305
      }
    },
    "Kmeans": {
      "aircraft": {
        "mean": 51.76517232259115,
        "std": 0.696489125271277
      },
      "cars": {
        "mean": 26.34000587463379,
        "std": 0.4231988118617579
      },
      "cub2011": {
        "mean": 26.48141860961914,
        "std": 0.2247382993590102
      },
      "dogs": {
        "mean": 25.55555470784505,
        "std": 0.35712488427713257
      },
      "flowers": {
        "mean": 61.80950800577799,
        "std": 0.24097406857891254
      }
    },
    "krr-st": {
      "aircraft": {
        "mean": 59.20591735839844,
        "std": 0.1435411831014
      },
      "cars": {
        "mean": 40.6292724609375,
        "std": 1.126198416715319
      },
      "cub2011": {
        "mean": 33.178001403808594,
        "std": 0.47503989756373755
      },
      "dogs": {
        "mean": 31.616160710652668,
        "std": 0.19991773844497837
      },
      "flowers": {
        "mean": 66.29804229736328,
        "std": 1.148523321315236
      }
    },
    "mtt": {
      "aircraft": {
        "mean": 54.48544438680013,
        "std": 0.8031992877329438
      },
      "cars": {
        "mean": 30.717569986979168,
        "std": 0.29656373525507534
      },
      "cub2011": {
        "mean": 29.081809997558594,
        "std": 0.11006249077274606
      },
      "dogs": {
        "mean": 28.368296941121418,
        "std": 0.3308874676321989
      },
      "flowers": {
        "mean": 64.86149342854817,
        "std": 0.1925756760650652
      }
    },
    "random": {
      "aircraft": {
        "mean": 51.72516886393229,
        "std": 0.16972389786262188
      },
      "cars": {
        "mean": 25.16270573933919,
        "std": 0.6654140374756132
      },
      "cub2011": {
        "mean": 25.733518600463867,
        "std": 0.3945794853590301
      },
      "dogs": {
        "mean": 25.16705385843913,
        "std": 0.28058260590540596
      },
      "flowers": {
        "mean": 61.18067932128906,
        "std": 0.7496185545195588
      }
    },
    "w/o_pretrained": {
      "aircraft": {
        "mean": 52.815277099609375,
        "std": 0.643648354500621
      },
      "cars": {
        "mean": 22.29822031656901,
        "std": 0.18529592431012587
      },
      "cub2011": {
        "mean": 24.6634464263916,
        "std": 0.28289621935850157
      },
      "dogs": {
        "mean": 23.745142618815105,
        "std": 0.1983256645398985
      },
      "flowers": {
        "mean": 55.071285247802734,
        "std": 0.5119275714328827
      }
    }
  },
  "MobileNet": {
    "dm": {
      "aircraft": {
        "mean": 59.31592686971029,
        "std": 2.1444631287195746
      },
      "cars": {
        "mean": 41.018941243489586,
        "std": 1.9723750018412356
      },
      "cub2011": {
        "mean": 30.813488006591797,
        "std": 1.9814497755971616
      },
      "dogs": {
        "mean": 33.108001708984375,
        "std": 0.4685574895066353
      },
      "flowers": {
        "mean": 56.91982396443685,
        "std": 1.4078359398024027
      }
    },
    "dsa": {
      "aircraft": {
        "mean": 57.65576171875,
        "std": 1.6789780454423502
      },
      "cars": {
        "mean": 39.55975341796875,
        "std": 2.7255575782608386
      },
      "cub2011": {
        "mean": 31.5843989054362,
        "std": 1.008250738846082
      },
      "dogs": {
        "mean": 32.5912971496582,
        "std": 0.5422056836819281
      },
      "flowers": {
        "mean": 57.86306635538737,
        "std": 0.3857627747763644
      }
    },
    "frepo": {
      "aircraft": {
        "mean": 55.68556467692057,
        "std": 1.56782923203897
      },
      "cars": {
        "mean": 34.14997863769531,
        "std": 1.1076417048477842
      },
      "cub2011": {
        "mean": 31.00909169514974,
        "std": 1.1384417076748208
      },
      "dogs": {
        "mean": 31.66278076171875,
        "std": 0.5727447803741983
      },
      "flowers": {
        "mean": 57.61912536621094,
        "std": 0.5066763337103412
      }
    },
    "Kmeans": {
      "aircraft": {
        "mean": 58.165812174479164,
        "std": 1.0324798851138475
      },
      "cars": {
        "mean": 41.3630116780599,
        "std": 2.2534693753192654
      },
      "cub2011": {
        "mean": 29.225636800130207,
        "std": 0.2930121767841731
      },
      "dogs": {
        "mean": 33.10800298055013,
        "std": 0.701003974246267
      },
      "flowers": {
        "mean": 56.849351247151695,
        "std": 0.5115825126750508
      }
    },
    "krr-st": {
      "aircraft": {
        "mean": 63.43633906046549,
        "std": 1.3671050941034086
      },
      "cars": {
        "mean": 55.29991785685221,
        "std": 0.5802413127949091
      },
      "cub2011": {
        "mean": 38.17742665608724,
        "std": 0.7785175461419447
      },
      "dogs": {
        "mean": 41.00232950846354,
        "std": 0.37380860987300224
      },
      "flowers": {
        "mean": 67.65327707926433,
        "std": 0.4051597433982538
      }
    },
    "mtt": {
      "aircraft": {
        "mean": 63.92638651529948,
        "std": 0.7755768955505995
      },
      "cars": {
        "mean": 49.97305043538412,
        "std": 1.078080389942019
      },
      "cub2011": {
        "mean": 36.17535527547201,
        "std": 0.6857515692819847
      },
      "dogs": {
        "mean": 38.37995147705078,
        "std": 0.14650151698822456
      },
      "flowers": {
        "mean": 59.890496571858726,
        "std": 0.7192919825468329
      }
    },
    "random": {
      "aircraft": {
        "mean": 57.55575180053711,
        "std": 1.198202545286336
      },
      "cars": {
        "mean": 39.265427907307945,
        "std": 0.5722779092679043
      },
      "cub2011": {
        "mean": 30.266944249471027,
        "std": 0.8586173268432494
      },
      "dogs": {
        "mean": 32.69619115193685,
        "std": 0.22845673688189413
      },
      "flowers": {
        "mean": 56.37230936686198,
        "std": 0.8433002198562465
      }
    },
    "w/o_pretrained": {
      "aircraft": {
        "mean": 56.2756233215332,