{
  "frepo_ConvNet4": {
    "cifar10": {
      "mean": 87.63999684651692,
      "std": 0.1790698851461912
    },
    "cifar100": {
      "mean": 65.14000193277995,
      "std": 0.40274070476761276
    },
    "aircraft": {
      "mean": 40.084005991617836,
      "std": 1.3038936599801674
    },
    "cars": {
      "mean": 21.071175893147785,
      "std": 0.7165943655805304
    },
    "cub2011": {
      "mean": 19.77332941691081,
      "std": 0.6223441506690415
    },
    "dogs": {
      "mean": 23.01864751180013,
      "std": 0.7698187668474884
    },
    "flowers": {
      "mean": 54.45329920450846,
      "std": 0.9060910835322908
    }
  },
  "krr-st_ConvNet4": {
    "cifar10": {
      "mean": 89.2566655476888,
      "std": 0.21514610354809743
    },
    "cifar100": {
      "mean": 68.11666615804036,
      "std": 0.17249896212602153
    },
    "aircraft": {
      "mean": 57.7957763671875,
      "std": 0.31019282257749037
    },
    "cars": {
      "mean": 48.19881057739258,
      "std": 0.732252073976597
    },
    "cub2011": {
      "mean": 36.48026911417643,
      "std": 0.4228410360732335
    },
    "dogs": {
      "mean": 35.749804178873696,
      "std": 0.27749880083623196
    },
    "flowers": {
      "mean": 71.61597951253255,
      "std": 0.39776578150397446
    }
  },
  "random_ConvNet4": {
    "cifar10": {
      "mean": 88.2566655476888,
      "std": 0.07408867444837702
    },
    "cifar100": {
      "mean": 65.8499984741211,
      "std": 0.10708307370618304
    },
    "aircraft": {
      "mean": 40.73407109578451,
      "std": 1.1810501299869223
    },
    "cars": {
      "mean": 21.62666193644206,
      "std": 0.7243700067927845
    },
    "cub2011": {
      "mean": 20.44068654378255,
      "std": 0.45146152011400303
    },
    "dogs": {
      "mean": 23.58197275797526,
      "std": 0.20528108491711364
    },
    "flowers": {
      "mean": 57.92811838785807,
      "std": 0.24376007058680346
    }
  },
  "w/o_pre_ConvNet4": {
    "cifar10": {
      "mean": 88.82333119710286,
      "std": 0.08219406793611232
    },
    "cifar100": {
      "mean": 66.35999806722005,
      "std": 0.2993326453256141
    },
    "aircraft": {
      "mean": 44.12440872192383,
      "std": 0.6687968995052984
    },
    "cars": {
      "mean": 24.18438657124837,
      "std": 0.4067165926378516
    },
    "cub2011": {
      "mean": 22.143597920735676,
      "std": 0.394579596597992
    },
    "dogs": {
      "mean": 24.658118565877277,
      "std": 0.15235980152844403
    },
    "flowers": {
      "mean": 59.54897816975912,
      "std": 0.38538223386449494
    }
  }
}