{
  "dm_ConvNet3": {
    "cifar100": {
      "mean": 65.22666422526042,
      "std": 0.25901403907025417
    },
    "cifar10": {
      "mean": 87.63333129882812,
      "std": 0.0980952148463324
    },
    "aircraft": {
      "mean": 34.99349594116211,
      "std": 0.28287076541698786
    },
    "cars": {
      "mean": 20.130165100097656,
      "std": 0.07621281043326496
    },
    "cub2011": {
      "mean": 18.933380126953125,
      "std": 0.014092402574186312
    },
    "dogs": {
      "mean": 22.229991277058918,
      "std": 0.2098620070210342
    },
    "flowers": {
      "mean": 60.6385866800944,
      "std": 0.22232316480421763
    }
  },
  "dsa_ConvNet3": {
    "cifar100": {
      "mean": 64.85666402180989,
      "std": 0.14337463022904282
    },
    "cifar10": {
      "mean": 87.3199971516927,
      "std": 0.016330305480038457
    },
    "aircraft": {
      "mean": 34.243422190348305,
      "std": 0.5146379347729252
    },
    "cars": {
      "mean": 20.084564844767254,
      "std": 0.09792370733984587
    },
    "cub2011": {
      "mean": 18.507652918497723,
      "std": 0.18391838420990742
    },
    "dogs": {
      "mean": 21.763790766398113,
      "std": 0.27782494240278904
    },
    "flowers": {
      "mean": 59.408034006754555,
      "std": 0.10868914907655529
    }
  },
  "frepo_ConvNet3": {
    "cifar100": {
      "mean": 64.95999908447266,
      "std": 0.20928217684931946
    },
    "cifar10": {
      "mean": 87.64666493733723,
      "std": 0.23328481696929146
    },
    "aircraft": {
      "mean": 35.86358388264974,
      "std": 0.37500380091943664
    },
    "cars": {
      "mean": 21.013139724731445,
      "std": 0.19005715270563414
    },
    "cub2011": {
      "mean": 19.577725728352863,
      "std": 0.2152602473032636
    },
    "dogs": {
      "mean": 22.92540677388509,
      "std": 0.3063005679673085
    },
    "flowers": {
      "mean": 61.01263173421224,
      "std": 0.3993134105853755
    }
  },
  "kip_ConvNet3": {
    "cifar100": {
      "mean": 65.60666402180989,
      "std": 0.12684314948740985
    },
    "cifar10": {
      "mean": 87.91999816894531,
      "std": 0.11313967449222011
    },
    "aircraft": {
      "mean": 38.37383524576823,
      "std": 0.6627867925413666
    },
    "cars": {
      "mean": 23.164613723754883,
      "std": 0.2971433460182795
    },
    "cub2011": {
      "mean": 20.434933344523113,
      "std": 0.2267910141865514
    },
    "dogs": {
      "mean": 24.05982844034831,
      "std": 0.34604901176987807
    },
    "flowers": {
      "mean": 63.66888936360677,
      "std": 0.07026363710722608
    }
  },
  "kmeans_ConvNet3": {
    "cifar100": {
      "mean": 64.97333272298177,
      "std": 0.24567619449412942
    },
    "cifar10": {
      "mean": 87.50333150227864,
      "std": 0.17913242314940578
    },
    "aircraft": {
      "mean": 34.73347091674805,
      "std": 0.2922627080563597
    },
    "cars": {
      "mean": 19.802676518758137,
      "std": 0.26948449269327346
    },
    "cub2011": {
      "mean": 18.622714360555012,
      "std": 0.21043944221640407
    },
    "dogs": {
      "mean": 22.13675053914388,
      "std": 0.0274712034678047
    },
    "flowers": {
      "mean": 60.307909647623696,
      "std": 0.11975156148185898
    }
  },
  "krr-st_ConvNet3": {
    "cifar100": {
      "mean": 66.26666768391927,
      "std": 0.3885300385046919
    },
    "cifar10": {
      "mean": 88.62999725341797,
      "std": 0.1388029237078216
    },
    "aircraft": {
      "mean": 42.06420389811198,
      "std": 0.5062136334130253
    },
    "cars": {
      "mean": 29.233509699503582,
      "std": 0.33033577607382364
    },
    "cub2011": {
      "mean": 25.946382522583008,
      "std": 0.043052321336870925
    },
    "dogs": {
      "mean": 26.888111114501953,
      "std": 0.39086318548553206
    },
    "flowers": {
      "mean": 68.06526692708333,
      "std": 0.23616957291035356
    }
  },
  "mtt_ConvNet3": {
    "cifar100": {
      "mean": 65.49666595458984,
      "std": 0.1007738443436486
    },
    "cifar10": {
      "mean": 87.72333017985027,
      "std": 0.1195365007703543
    },
    "aircraft": {
      "mean": 36.06360371907552,
      "std": 0.4250120904057578
    },
    "cars": {
      "mean": 21.013139724731445,
      "std": 0.32577780982677595
    },
    "cub2011": {
      "mean": 19.364861806233723,
      "std": 0.37523132578996826
    },
    "dogs": {
      "mean": 23.04972775777181,
      "std": 0.14752793676775716
    },
    "flowers": {
      "mean": 61.48425165812174,
      "std": 0.38697962263875507
    }
  },
  "random_ConvNet3": {
    "cifar100": {
      "mean": 64.92666625976562,
      "std": 0.03299920018643525
    },
    "cifar10": {
      "mean": 87.48999786376953,
      "std": 0.06532122152410992
    },
    "aircraft": {
      "mean": 34.15341313680013,
      "std": 0.4907625188137365
    },
    "cars": {
      "mean": 20.387181599934895,
      "std": 0.3495946155230195
    },
    "cub2011": {
      "mean": 18.657232920328777,
      "std": 0.061425572297249695
    },
    "dogs": {
      "mean": 21.950271606445312,
      "std": 0.43943527983763087
    },
    "flowers": {
      "mean": 60.16154352823893,
      "std": 0.3375808378407858
    }
  },
  "w/o_pre_ConvNet3": {
    "cifar100": {
      "mean": 64.72333272298177,
      "std": 0.2817021671520246
    },
    "cifar10": {
      "mean": 87.55332946777344,
      "std": 0.12918453495333562
    },
    "aircraft": {
      "mean": 33.9533945719401,
      "std": 0.1555787411527897
    },
    "cars": {
      "mean": 19.66587766011556,
      "std": 0.10568730821612006
    },
    "cub2011": {
      "mean": 18.473134358723957,
      "std": 0.06951438214328251
    },
    "dogs": {
      "mean": 21.89976628621419,
      "std": 0.42162566141278573
    },
    "flowers": {
      "mean": 59.19119644165039,
      "std": 0.17930212845240298
    }
  }
}