{
  "dm_ConvNet4": {
    "tinyimagenet": {
      "mean": 49.55666478474935,
      "std": 0.21312504295788517
    },
    "cifar10": {
      "mean": 88.52999877929688,
      "std": 0.14966360394086384
    },
    "aircraft": {
      "mean": 42.79427591959635,
      "std": 0.8874435688277151
    },
    "cars": {
      "mean": 26.609458287556965,
      "std": 0.5375316974047895
    },
    "cub2011": {
      "mean": 23.42078145345052,
      "std": 0.6108564254289868
    },
    "dogs": {
      "mean": 25.95571009318034,
      "std": 0.10467918859946182
    },
    "flowers": {
      "mean": 64.65549977620442,
      "std": 0.244962488799015
    }
  },
  "dsa_ConvNet4": {
    "tinyimagenet": {
      "mean": 50.23666636149088,
      "std": 0.04496874065623804
    },
    "cifar10": {
      "mean": 88.91666666666667,
      "std": 0.049889907020202066
    },
    "aircraft": {
      "mean": 43.984395345052086,
      "std": 0.5853788563948197
    },
    "cars": {
      "mean": 27.786757787068684,
      "std": 0.8129892668207558
    },
    "cub2011": {
      "mean": 23.996089299519856,
      "std": 0.7088669769980116
    },
    "dogs": {
      "mean": 27.024085998535156,
      "std": 0.503763790189702
    },
    "flowers": {
      "mean": 65.21385447184245,
      "std": 0.256451651530223
    }
  },
  "frepo_ConvNet4": {
    "tinyimagenet": {
      "mean": 49.82999928792318,
      "std": 0.04545940851708421
    },
    "cifar10": {
      "mean": 88.3633321126302,
      "std": 0.026248747059571566
    },
    "aircraft": {
      "mean": 47.424739837646484,
      "std": 0.13492064292984035
    },
    "cars": {
      "mean": 30.2781556447347,
      "std": 0.5506078885134535
    },
    "cub2011": {
      "mean": 25.57243283589681,
      "std": 0.24011745857205172
    },
    "dogs": {
      "mean": 27.847706476847332,
      "std": 0.46720276184450366
    },
    "flowers": {
      "mean": 66.02157592773438,
      "std": 0.3017278387482076
    }
  },
  "kmeans_ConvNet4": {
    "tinyimagenet": {
      "mean": 50.42999776204427,
      "std": 0.05715517892309061
    },
    "cifar10": {
      "mean": 88.7999979654948,
      "std": 0.16512498842283385
    },
    "aircraft": {
      "mean": 44.71446863810221,
      "std": 0.2195667473607505
    },
    "cars": {
      "mean": 27.625085830688477,
      "std": 0.15410668631444477
    },
    "cub2011": {
      "mean": 23.553101857503254,
      "std": 0.0801312867863015
    },
    "dogs": {
      "mean": 26.48407046000163,
      "std": 0.15265591727324784
    },
    "flowers": {
      "mean": 64.83981068929036,
      "std": 0.022996219680312017
    }
  },
  "krr-st_ConvNet4": {
    "tinyimagenet": {
      "mean": 52.07999801635742,
      "std": 0.2706788127182225
    },
    "cifar10": {
      "mean": 89.07999928792317,
      "std": 0.21648659760002537
    },
    "aircraft": {
      "mean": 59.30592600504557,
      "std": 0.19951840809887686
    },
    "cars": {
      "mean": 49.68701680501302,
      "std": 0.554435144374474
    },
    "cub2011": {
      "mean": 36.33068974812826,
      "std": 0.3757606826357209
    },
    "dogs": {
      "mean": 36.46075948079427,
      "std": 0.44760248082070114
    },
    "flowers": {
      "mean": 71.8057123819987,
      "std": 0.7175713059435134
    }
  },
  "mtt_ConvNet4": {
    "tinyimagenet": {
      "mean": 50.959999084472656,
      "std": 0.1737808397793479
    },
    "cifar10": {
      "mean": 89.35332997639973,
      "std": 0.14704565154671062
    },
    "aircraft": {
      "mean": 48.38483556111654,
      "std": 0.21403088045914268
    },
    "cars": {
      "mean": 31.600545247395832,
      "std": 0.339367930456399
    },
    "cub2011": {
      "mean": 26.18225860595703,
      "std": 0.08800552962210899
    },
    "dogs": {
      "mean": 28.931622823079426,
      "std": 0.12419856770235796
    },
    "flowers": {
      "mean": 66.64498392740886,
      "std": 0.21939709973614435
    }
  },
  "random_ConvNet4": {
    "tinyimagenet": {
      "mean": 50.15666580200195,
      "std": 0.08730665760685202
    },
    "cifar10": {
      "mean": 88.71333312988281,
      "std": 0.07586515884902081
    },
    "aircraft": {
      "mean": 44.30442682902018,
      "std": 0.7139344677018695
    },
    "cars": {
      "mean": 26.597021738688152,
      "std": 0.48828012295516726
    },
    "cub2011": {
      "mean": 23.018065134684246,
      "std": 0.2152602473032636
    },
    "dogs": {
      "mean": 26.01010004679362,
      "std": 0.1770977458790118
    },
    "flowers": {
      "mean": 63.826096852620445,
      "std": 0.18605658630984936
    }
  },
  "w/o_pre_ConvNet4": {
    "tinyimagenet": {
      "mean": 49.62999979654948,
      "std": 0.1913106585294864
    },
    "cifar10": {
      "mean": 88.74999745686848,
      "std": 0.33951006727063787
    },
    "aircraft": {
      "mean": 43.824380238850914,
      "std": 0.2549760128870758
    },
    "cars": {
      "mean": 23.259958267211914,
      "std": 0.30552622405807056
    },
    "cub2011": {
      "mean": 22.460017522176106,
      "std": 0.5786926718359166
    },
    "dogs": {
      "mean": 24.549338658650715,
      "std": 0.4153873452016878
    },
    "flowers": {
      "mean": 59.4026133219401,
      "std": 0.31988170310306085
    }
  }
}