{
  "dm": {
    "alexnet": {
      "dataset": "CIFAR10",
      "mean": 47.71666590372721,
      "std": 0.631207564301253
    },
    "convNet4": {
      "dataset": "CIFAR10",
      "mean": 46.57666524251302,
      "std": 0.5426078283742032
    },
    "mobilenet": {
      "dataset": "CIFAR10",
      "mean": 42.10666529337565,
      "std": 0.2585003043769132
    },
    "resnet10": {
      "dataset": "CIFAR10",
      "mean": 38.72666549682617,
      "std": 1.0721104683713651
    },
    "vgg": {
      "dataset": "CIFAR10",
      "mean": 47.61666488647461,
      "std": 0.616674827178643
    }
  },
  "dsa": {
    "alexnet": {
      "dataset": "CIFAR10",
      "mean": 47.733333587646484,
      "std": 0.4412353728371989
    },
    "convNet4": {
      "dataset": "CIFAR10",
      "mean": 44.963331858317055,
      "std": 0.4509494378641477
    },
    "mobilenet": {
      "dataset": "CIFAR10",
      "mean": 41.34999974568685,
      "std": 0.48524839142848725
    },
    "resnet10": {
      "dataset": "CIFAR10",
      "mean": 39.163333892822266,
      "std": 0.568409038733273
    },
    "vgg": {
      "dataset": "CIFAR10",
      "mean": 47.60666529337565,
      "std": 0.30901313033622574
    }
  },
  "frepo": {
    "alexnet": {
      "dataset": "CIFAR10",
      "mean": 46.60666529337565,
      "std": 1.9739344727702908
    },
    "convNet4": {
      "dataset": "CIFAR10",
      "mean": 46.439998626708984,
      "std": 1.0803695413829164
    },
    "mobilenet": {
      "dataset": "CIFAR10",
      "mean": 41.166665395100914,
      "std": 0.2710887142320072
    },
    "resnet10": {
      "dataset": "CIFAR10",
      "mean": 43.11666488647461,
      "std": 0.20949658964423742
    },
    "vgg": {
      "dataset": "CIFAR10",
      "mean": 50.34999974568685,
      "std": 0.6438946832826635
    }
  },
  "gaussian": {
    "alexnet": {
      "dataset": "CIFAR10",
      "mean": 30.0066655476888,
      "std": 1.0358998076350974
    },
    "convNet4": {
      "dataset": "CIFAR10",
      "mean": 29.933331807454426,
      "std": 1.7961494400546505
    },
    "mobilenet": {
      "dataset": "CIFAR10",
      "mean": 22.91666603088379,
      "std": 1.2848174989158307
    },
    "resnet10": {
      "dataset": "CIFAR10",
      "mean": 26.356665929158527,
      "std": 1.333524586566779
    },
    "vgg": {
      "dataset": "CIFAR10",
      "mean": 33.46333312988281,
      "std": 1.585987553944758
    }
  },
  "kmeans": {
    "alexnet": {
      "dataset": "CIFAR10",
      "mean": 53.46666590372721,
      "std": 0.6075813608061513
    },
    "convNet4": {
      "dataset": "CIFAR10",
      "mean": 53.386664072672524,
      "std": 0.7755573552989227
    },
    "mobilenet": {
      "dataset": "CIFAR10",
      "mean": 46.66999816894531,
      "std": 0.8103080163876726
    },
    "resnet10": {
      "dataset": "CIFAR10",
      "mean": 41.676666259765625,
      "std": 1.0205984823991932
    },
    "vgg": {
      "dataset": "CIFAR10",
      "mean": 55.129998524983726,
      "std": 0.8084548214998666
    }
  },
  "krr-st": {
    "alexnet": {
      "dataset": "CIFAR10",
      "mean": 59.46666463216146,
      "std": 0.676084497382031
    },
    "convNet4": {
      "dataset": "CIFAR10",
      "mean": 58.22999827067057,
      "std": 1.078362829010974
    },
    "mobilenet": {
      "dataset": "CIFAR10",
      "mean": 53.73999913533529,
      "std": 0.5926218998201106
    },
    "resnet10": {
      "dataset": "CIFAR10",
      "mean": 51.98333231608073,
      "std": 0.3417919508592565
    },
    "vgg": {
      "dataset": "CIFAR10",
      "mean": 61.58333206176758,
      "std": 0.9122984673442774
    }
  },
  "mtt": {
    "alexnet": {
      "dataset": "CIFAR10",
      "mean": 51.526666005452476,
      "std": 1.405282796724682
    },
    "convNet4": {
      "dataset": "CIFAR10",
      "mean": 48.38999938964844,
      "std": 0.6081122634041596
    },
    "mobilenet": {
      "dataset": "CIFAR10",
      "mean": 43.929999033610024,
      "std": 1.0328935529853782
    },
    "resnet10": {
      "dataset": "CIFAR10",
      "mean": 39.06999969482422,
      "std": 0.40307133343621293
    },
    "vgg": {
      "dataset": "CIFAR10",
      "mean": 54.1533317565918,
      "std": 0.1532612351930928
    }
  },
  "random": {
    "alexnet": {
      "dataset": "CIFAR10",
      "mean": 52.1533317565918,
      "std": 0.3270411020552179
    },
    "convNet4": {
      "dataset": "CIFAR10",
      "mean": 49.96666590372721,
      "std": 0.911494296723609
    },
    "mobilenet": {
      "dataset": "CIFAR10",
      "mean": 44.23666508992513,
      "std": 0.9446810568626086
    },
    "resnet10": {
      "dataset": "CIFAR10",
      "mean": 39.37666575113932,
      "std": 1.391626003014275
    },
    "vgg": {
      "dataset": "CIFAR10",
      "mean": 51.43333307902018,
      "std": 0.796715467333709
    }
  }
}